<?xml version="1.0" encoding="UTF-8"?>
<beans xmlns="http://www.springframework.org/schema/beans"
	xmlns:xsi="http://www.w3.org/2001/XMLSchema-instance"
	xmlns:aop="http://www.springframework.org/schema/aop"
	xmlns:context="http://www.springframework.org/schema/context"
	xsi:schemaLocation="http://www.springframework.org/schema/beans http://www.springframework.org/schema/beans/spring-beans.xsd
  http://www.springframework.org/schema/aop http://www.springframework.org/schema/aop/spring-aop.xsd
  http://www.springframework.org/schema/context http://www.springframework.org/schema/context/spring-context.xsd">

	<!-- Setter based DI -->
	<bean id="cust" class="com.spring.diobjbyconstructor.Customer">
		<constructor-arg value="101" />
		<constructor-arg value="Jeetendra" />
		<constructor-arg ref="a" />
	</bean>

	<bean id="a" class="com.spring.diobjbyconstructor.Address">
		<constructor-arg value="Noida" />
		<constructor-arg value="UP" />
	</bean>

</beans>