<?xml version="1.0" encoding="UTF-8"?>
<beans xmlns="http://www.springframework.org/schema/beans"
 xmlns:xsi="http://www.w3.org/2001/XMLSchema-instance"
 xmlns:aop="http://www.springframework.org/schema/aop"
 xmlns:context="http://www.springframework.org/schema/context"
 xsi:schemaLocation="http://www.springframework.org/schema/beans http://www.springframework.org/schema/beans/spring-beans.xsd
  http://www.springframework.org/schema/aop http://www.springframework.org/schema/aop/spring-aop.xsd
  http://www.springframework.org/schema/context http://www.springframework.org/schema/context/spring-context.xsd">
  
  <!-- Setter based DI -->    
    
  <bean id ="cust"   class="com.spring.bean.Customer"> 
	  <property name="custId" value="101" />          
	  <property name="custName" value="Jeetendra" />
	  <property name="orderAmt" value="60000.00" />
  </bean>            
  
  
  <!-- Constructor based DI -->    
  
  <bean id="custobj" class="com.spring.bean.Customer">
	  <constructor-arg value ="102" />
	  <constructor-arg value ="Priti" />
	  <constructor-arg value ="67890.90" />  
  </bean>
  
    
    
    <!-- Register static factory method -->     
  
    <bean id="custobj1" class="com.spring.bean.Customer"  factory-method="createBean">
    </bean>
  
  
</beans>