<?xml version="1.0" encoding="utf-8"?>
<!DOCTYPE hibernate-configuration PUBLIC
			"-//Hibernate/Hibernate Configuration DTD 3.0//EN"
			"http://hibernate.sourceforge.net/hibernate-configuration-3.0.dtd">

<hibernate-configuration >

	<session-factory >
	
		<!-- db specific information -->
			<property name="hibernate.connection.driver_class">
				oracle.jdbc.driver.OracleDriver
			</property>		
			<property name="hibernate.connection.url">
				jdbc:oracle:thin:@127.0.0.1:1521:XE
			</property>		
			<property name="hibernate.connection.username">hr</property>
			<property name="hibernate.connection.password">hr</property>
		
		
		<!-- Hibernate specific information -->
			<property name="show_sql">true</property>
			<property name="dialect">org.hibernate.dialect.OracleDialect</property>
			<property name="hibernate.hbm2ddl.auto">update</property>
		
		
		 	<mapping class="com.colmapping.model.Employee_Info" />
		 	
		 	
		<!-- Annotated class used for one to one assocation mapping -->
			
			<mapping class="com.onetoonepkfk.Country" /> 
			<mapping class="com.onetoonepkfk.HeadOfCountry" />
			 	
		 	
		 	
		<!-- Annotated class used for Component mapping -->			
			<mapping class="com.componentmapping.Emp" />
			
			


			

		<!-- Annotated class used for one to one bidirectional assocation mapping -->
			
			<mapping class="com.onetoonepkfkbidrctional.State" />
			<mapping class="com.onetoonepkfkbidrctional.HeadOfState" />
			

		<!-- Annotated class used for one to Many assocation mapping -->
			
			<mapping class="com.onetomanypkfk.Batch" />
			<mapping class="com.onetomanypkfk.Trainer" />
			
		
		<!-- Annotated class used for Many to Many assocation mapping -->
			
			<mapping class="com.manytomanybidirctional.jointable.Employee" />
			<mapping class="com.manytomanybidirctional.jointable.Previledge" />
			


	</session-factory>
	
</hibernate-configuration>
