<?xml version="1.0" encoding="UTF-8"?>
<beans xmlns="http://www.springframework.org/schema/beans"
 xmlns:xsi="http://www.w3.org/2001/XMLSchema-instance"
 xmlns:aop="http://www.springframework.org/schema/aop"
 xmlns:context="http://www.springframework.org/schema/context"
 xsi:schemaLocation="http://www.springframework.org/schema/beans http://www.springframework.org/schema/beans/spring-beans.xsd
  http://www.springframework.org/schema/aop http://www.springframework.org/schema/aop/spring-aop.xsd
  http://www.springframework.org/schema/context http://www.springframework.org/schema/context/spring-context.xsd">
  

  
	<!-- Setter based DI -->    
	<bean id="printer" class="com.spring.model.Printer">
		<property name="name" value="Sony Printer" />
	</bean> 
  
  
	<bean id="computer" class="com.spring.model.Computer">
  		<property name="name" value="Dell Computer" />
  	</bean>  
  
    <bean id="prodService" class="com.spring.service.ProductService" > 
    </bean>
    
	<bean id="simpleservice" class="com.spring.service.SimpleServiceImpl">
		<property name="name" value="NarendraModi" />
		<property name="id" value="107" />
	</bean>
    
  
    
	<!-- Registered Aspect Bean  -->
    <bean id="logAspect" class="com.spring.aspect.LoggingAspect" />   
    <bean id="advtypes"  class="com.spring.aspect.AdviceTypes" /> 
   
   
    <!-- Enable annotation based Configuration -->
    <context:annotation-config />
   
    <!-- Enable AOP -->
    <aop:aspectj-autoproxy />
  
</beans>