<?xml version="1.0" encoding="UTF-8"?>
<beans xmlns="http://www.springframework.org/schema/beans"
	xmlns:xsi="http://www.w3.org/2001/XMLSchema-instance"
	xmlns:aop="http://www.springframework.org/schema/aop"
	xmlns:context="http://www.springframework.org/schema/context"
	xsi:schemaLocation="http://www.springframework.org/schema/beans http://www.springframework.org/schema/beans/spring-beans.xsd
  http://www.springframework.org/schema/aop http://www.springframework.org/schema/aop/spring-aop.xsd
  http://www.springframework.org/schema/context http://www.springframework.org/schema/context/spring-context.xsd">

	<!-- Enable the annotaion applied inside the registered -->
	<context:annotation-config />



	<!-- 1) Example of autowire="byName" -->

	<!-- 
	<bean id="dbean1" class="com.spring.autowirebynameandbytpe.DepartmentBean">
		<property name="name" value="HR" />
	</bean>
	
	<bean id="dbean2" class="com.spring.autowirebynameandbytpe.DepartmentBean"> 
		<property name="name" value="IT" />
	</bean> 
	
	<bean id="emp" class="com.spring.autowirebynameandbytpe.EmployeeBean" autowire="byName"> 
	</bean>
    
   -->
	
	
	
	
	
	
	
	
	
	
	
	
	<!-- 2) Example of autowire="byType" -->
	 
	<bean id="dbean2" class="com.spring.autowirebynameandbytpe.DepartmentBean"> 
		<property name="name" value="IT"></property> 
	</bean> 
	
	<bean id="emp" class="com.spring.autowirebynameandbytpe.EmployeeBean" autowire="byType">
		<property name="fullName" value="Jeetendra Singh" />
	</bean>

	
	
	
</beans>




