<?xml version="1.0" encoding="UTF-8"?>
<beans xmlns="http://www.springframework.org/schema/beans"
	xmlns:xsi="http://www.w3.org/2001/XMLSchema-instance"
	xmlns:aop="http://www.springframework.org/schema/aop"
	xmlns:context="http://www.springframework.org/schema/context"
	xsi:schemaLocation="http://www.springframework.org/schema/beans http://www.springframework.org/schema/beans/spring-beans.xsd
  http://www.springframework.org/schema/aop http://www.springframework.org/schema/aop/spring-aop.xsd
  http://www.springframework.org/schema/context http://www.springframework.org/schema/context/spring-context.xsd">



	<!-- Define two beans of type Department -->
	
	<bean id="dept1" class="com.spring.objcollist.Department">
		<property name="name" value="HR" />
	</bean>

	<bean id="dept2" class="com.spring.objcollist.Department">
		<property name="name" value="IT" />
	</bean>

	<bean id="dept3" class="com.spring.objcollist.Department">
		<property name="name" value="Accounts" />
	</bean>



	<!-- Setter based DI -->

	<bean id="pizza" class="com.spring.objcollist.Company"> 
		<property name="name" value="Infogain" />
		<property name="dept">
			<list>
				<ref bean="dept1" />
				<ref bean="dept2" />
				<ref bean="dept3" />
			</list>
		</property>
	</bean>

	

</beans>