<?xml version="1.0" encoding="UTF-8"?>
<beans xmlns="http://www.springframework.org/schema/beans"
 xmlns:xsi="http://www.w3.org/2001/XMLSchema-instance"
 xmlns:aop="http://www.springframework.org/schema/aop"
 xmlns:context="http://www.springframework.org/schema/context"
 xsi:schemaLocation="http://www.springframework.org/schema/beans http://www.springframework.org/schema/beans/spring-beans.xsd
  http://www.springframework.org/schema/aop http://www.springframework.org/schema/aop/spring-aop.xsd
  http://www.springframework.org/schema/context http://www.springframework.org/schema/context/spring-context.xsd">
 
 	<bean id ="a"   class="com.spring.diobjbysetter.Address">
		  <property name="city" value="Noida" />
		  <property name="state" value="UP" />
	 </bean>
 
 
	  <!-- Setter based DI -->    
	  <bean id ="cust"   class="com.spring.diobjbysetter.Customer">
		  <property name="custId" value="101" />
		  <property name="custName" value="Jeetendra" />
	  	  <property name="add" ref="a" />
	  </bean>
	  
	   
  
</beans>