<?xml version="1.0" encoding="UTF-8"?>
<beans xmlns="http://www.springframework.org/schema/beans"
	xmlns:xsi="http://www.w3.org/2001/XMLSchema-instance"
	xmlns:aop="http://www.springframework.org/schema/aop"
	xmlns:context="http://www.springframework.org/schema/context"
	xsi:schemaLocation="http://www.springframework.org/schema/beans http://www.springframework.org/schema/beans/spring-beans.xsd
  http://www.springframework.org/schema/aop http://www.springframework.org/schema/aop/spring-aop.xsd
  http://www.springframework.org/schema/context http://www.springframework.org/schema/context/spring-context.xsd">

	<!-- Setter based DI -->

	<bean id="momos" class="com.spring.collection.Compnay"> 
		<property name="name" value="Infogain" />

		<property name="bu">
			<list>
				<value>Inernational</value>
				<value>Instrumental</value>
				<value>Insurance</value>
			</list>
		</property>

		<property name="accounts">
			<set>
				<value>Mitchel</value>
				<value>Mitchel</value>
				<value>Fedex</value>
			</set>
		</property>

		<property name="locations">
			<map>
				<entry key="location1" value="Noida" />
				<entry key="location2" value="Pune" />
			</map>
		</property>

	</bean>



</beans>