<?xml version="1.0" encoding="UTF-8"?>
<beans  xmlns="http://www.springframework.org/schema/beans"
        xmlns:xsi="http://www.w3.org/2001/XMLSchema-instance"
        xsi:schemaLocation="http://www.springframework.org/schema/beans http://www.springframework.org/schema/beans/spring-beans-3.0.xsd" 
>
<!-- Reference data type is supported by Spring framework -->
<bean id="pt1" class="jeet.tutorial05.Point">
    <property name="x" value="0" />
    <property name="y" value="0" />
</bean> 

<bean id="pt2" class="jeet.tutorial05.Point">
    <property name="x" value="0" />
    <property name="y" value="20" />
</bean>
 
<bean id="pt3" class="jeet.tutorial05.Point">
    <property name="x" value="-20" />
    <property name="y" value="0" />
</bean> 


<bean id="triangleXML" class="jeet.tutorial05.Triangle">
    <property name="pointA" ref="pt1" />
    <property name="pointB" ref="pt2" />
    <property name="pointC" ref="pt3" />
</bean>


</beans>
