<?xml version="1.0" encoding="UTF-8"?>
<!-- Use of Shape interface for DI by spring framework. -->

<beans  xmlns="http://www.springframework.org/schema/beans"
        xmlns:xsi="http://www.w3.org/2001/XMLSchema-instance"
        xsi:schemaLocation="http://www.springframework.org/schema/beans 
        http://www.springframework.org/schema/beans/spring-beans-3.0.xsd" >

    <bean id="pt1" class="jeet.tutorial20.Point">
        <property name="x" value="0" />
        <property name="y" value="0" />
    </bean> 
   
    <bean id="circleXML" class="jeet.tutorial20.Circle">
          <property name="center" ref="pt1" />    <!-- Due to removal of this line, it will generate NullPointerException-->
    </bean>
    
    <bean class="org.springframework.beans.factory.annotation.RequiredAnnotationBeanPostProcessor" />

</beans>
