<?xml version="1.0" encoding="UTF-8"?>
<!-- Use of MessageResource -->

<beans xmlns="http://www.springframework.org/schema/beans"
    xmlns:xsi="http://www.w3.org/2001/XMLSchema-instance"
    xmlns:context="http://www.springframework.org/schema/context"
    xmlns:aop="http://www.springframework.org/schema/aop"
    xsi:schemaLocation="http://www.springframework.org/schema/beans
        https://www.springframework.org/schema/beans/spring-beans.xsd
        http://www.springframework.org/schema/context https://www.springframework.org/schema/context/spring-context.xsd
         http://www.springframework.org/schema/aop https://www.springframework.org/schema/aop/spring-aop.xsd">

    <bean id="triangle" class="jeet.tutorial24.model.Triangle">
        <property name="name" value="Triangle Name" />        
    </bean> 

    <bean id="circle" class="jeet.tutorial24.model.Circle">
      <property name="name" value="Circle Name" />   <!--Comment this line for @AfterReturning Advice of LoggingAspect -->  
    </bean> 
   
    <bean id="shapeService" class="jeet.tutorial24.service.ShapeService" autowire="byName"/>             
   
    <bean id="loggingAspect" class="jeet.tutorial24.aspect.LoggingAspect" />             
   
    <aop:aspectj-autoproxy />

</beans>
