<?xml version="1.0" encoding="UTF-8"?>
<!-- Bean Definition Inheritance also supports Collection Inheritance by using "merge=true"  -->


<beans  xmlns="http://www.springframework.org/schema/beans"
        xmlns:xsi="http://www.w3.org/2001/XMLSchema-instance"
        xsi:schemaLocation="http://www.springframework.org/schema/beans
         http://www.springframework.org/schema/beans/spring-beans.xsd" >


    <bean id="pt1" class="jeet.tutorial11.Point">
        <property name="x" value="0" />
        <property name="y" value="0" />
    </bean> 
    <bean  id="pt2" class="jeet.tutorial11.Point">
        <property name="x" value="10" />
        <property name="y" value="10" />
    </bean> 
    <bean id="pt3" class="jeet.tutorial11.Point">
        <property name="x" value="20" />
        <property name="y" value="20" />
    </bean> 


    <bean id="parentTriangleXML" class="jeet.tutorial11.Triangle" abstract="true" >
        <property name="points">
            <list>
                <ref bean="pt1" />
            </list>
        </property>
    </bean>

    <bean id="triangleXML" class="jeet.tutorial11.Triangle" parent="parentTriangleXML" >
        <property name="points" >
            <list merge="true">          
                <ref bean="pt2" />
                <ref bean="pt3" />
            </list>
        </property>    
    </bean>

</beans>
