<?xml version="1.0" encoding="UTF-8"?>
<!-- Bean aliasing is also supported by Spring Framework -->

<beans  xmlns="http://www.springframework.org/schema/beans"
        xmlns:xsi="http://www.w3.org/2001/XMLSchema-instance"
        xsi:schemaLocation="http://www.springframework.org/schema/beans http://www.springframework.org/schema/beans/spring-beans-3.0.xsd" 
>


<bean id="triangleXML" class="jeet.tutorial07.Triangle"   name="talias1">
    <property name="pointA" ref="pt1" />
    <property name="pointB" >          
		<bean class="jeet.tutorial07.Point">
    		     <property name="x" value="0" />
    		     <property name="y" value="20" />
		</bean> 
    </property>
    <property name="pointC" ref="pt3" />
</bean>


<bean id="pt1" class="jeet.tutorial07.Point">
    <property name="x" value="0" />
    <property name="y" value="0" />
</bean> 
<bean id="pt3" class="jeet.tutorial07.Point">
    <property name="x" value="-20" />
    <property name="y" value="0" />
</bean> 


<alias name="triangleXML" alias="talias2" />

</beans>
