<?xml version="1.0" encoding="UTF-8"?>
<!-- Collection is also supported by Spring Framework -->

<beans  xmlns="http://www.springframework.org/schema/beans"
        xmlns:xsi="http://www.w3.org/2001/XMLSchema-instance"
        xsi:schemaLocation="http://www.springframework.org/schema/beans 
                            http://www.springframework.org/schema/beans/spring-beans-3.0.xsd" >

    <bean id="pt1" class="jeet.tutorial08.Point">
        <property name="x" value="0" />
        <property name="y" value="0" />
    </bean> 

    <bean  id="pt2" class="jeet.tutorial08.Point">
        <property name="x" value="0" />
        <property name="y" value="20" />
    </bean> 

    <bean id="pt3" class="jeet.tutorial08.Point">
        <property name="x" value="-20" />
        <property name="y" value="0" />
    </bean> 



    <bean id="triangleXML" class="jeet.tutorial08.Triangle"  >
        <property name="points" >
            <list>
                <ref bean="pt1" />
                <ref bean="pt2" />
                <ref bean="pt3" />
            </list>
        </property>
	    
    </bean>



</beans>
