<?xml version="1.0" encoding="UTF-8"?>
<!-- Inheritance of Bean Definitions -->
<!-- Bean Abstraction is also supported by Spring Framework -->

<beans  xmlns="http://www.springframework.org/schema/beans"
        xmlns:xsi="http://www.w3.org/2001/XMLSchema-instance"
        xsi:schemaLocation="http://www.springframework.org/schema/beans http://www.springframework.org/schema/beans/spring-beans-3.0.xsd" 
>
    
    <bean id="pt1" class="jeet.tutorial10.Point">
        <property name="x" value="0" />
        <property name="y" value="0" />
    </bean> 

    <bean id="pt2" class="jeet.tutorial10.Point">
        <property name="x" value="0" />
        <property name="y" value="20" />
    </bean> 
    
    <bean id="pt3" class="jeet.tutorial10.Point">
        <property name="x" value="-20" />
        <property name="y" value="0" />
    </bean>
    
    <bean id="parentTriangle" class="jeet.tutorial10.Triangle" abstract="true">
        <property name="pointA" ref="pt1" />
    </bean>


    <bean id="triangleXML1" class="jeet.tutorial10.Triangle"  parent="parentTriangle">
        <!--  	<property name="pointA" ref="pt1" />  This line has been removed-->
        <property name="pointB" ref="pt2"/>          		    
        <property name="pointC" ref="pt3" />
    </bean>
	
    <bean id="triangleXML2" class="jeet.tutorial10.Triangle"  parent="parentTriangle">
        <property name="pointB" ref="pt2"/>          		        	
    </bean>

</beans>
