<?xml version="1.0" encoding="UTF-8"?>
<!-- Use of Shape interface for DI by spring framework. -->

<beans xmlns="http://www.springframework.org/schema/beans"
    xmlns:xsi="http://www.w3.org/2001/XMLSchema-instance"
    xmlns:context="http://www.springframework.org/schema/context"
    xsi:schemaLocation="http://www.springframework.org/schema/beans
        https://www.springframework.org/schema/beans/spring-beans.xsd
        http://www.springframework.org/schema/context
        https://www.springframework.org/schema/context/spring-context.xsd">

    
    <!-- 1). Autowired by same type,(if single beans of same type exists)  e.g. pt1 only-->
    <!--
    <bean id="pt1" class="jeet.tutorial21.Point">
        <property name="x" value="0" />
        <property name="y" value="0" />
    </bean> 
    -->
    
    
    <!-- 2). Autowired by same name,(if mutiple beans of same type exists) in place of name pt1, changed it to center -->
    <!--
    <bean id="center" class="jeet.tutorial21.Point">
        <property name="x" value="0" />
        <property name="y" value="0" />
    </bean> 
    
    <bean id="pt2" class="jeet.tutorial21.Point">
        <property name="x" value="0" />
        <property name="y" value="21" />
    </bean>
                 
    <bean id="pt3" class="jeet.tutorial21.Point">
        <property name="x" value="-20" />
        <property name="y" value="0" />
    </bean> 
    -->

    <!-- 3). Autowired by @Qualifier Annotaion. pt1 need not to change to center -->
    <bean id="center" class="jeet.tutorial21.Point">      
          <!--  <qualifier value="circleRelated" />   -->       
        <property name="x" value="0" />
        <property name="y" value="0" />
    </bean> 
    
    <bean id="pt2" class="jeet.tutorial21.Point">
        <property name="x" value="0" />
        <property name="y" value="21" />
    </bean>
		 
    <bean id="pt3" class="jeet.tutorial21.Point">
        <property name="x" value="-20" />
        <property name="y" value="0" />
    </bean> 
    
  
    <!-- 
        Remove the following <bean> declaration for @Component annotation applied on Circle class 
        and add  <context:component-scan />  tag in the end of spring21.xml file
    -->
    
    <!--    
    <bean id="circleXML" class="jeet.tutorial21.Circle">
         The following property will be autowired, if a single bean (with the same type) is already predefined in xml 
          <property name="center" ref="pt1" />            
    </bean>
    -->
    
    <!--
    <bean class="org.springframework.beans.factory.annotation.AutowiredAnnotationBeanPostProcessor" />
    <bean class="org.springframework.beans.factory.annotation.RequiredAnnotationBeanPostProcessor" />
    
    Inplace of above individual  BeanPostProcessor entries, we can add all of them  by adding folling context.
    -->


    <context:annotation-config/>  <!--Need to change xmlns of <beans> definition for this line -->
    <context:component-scan base-package="jeet.tutorial21" />
</beans>
