<?xml version="1.0" encoding="UTF-8"?>
<!-- Autowire is supported by spring framework -->

<beans  xmlns="http://www.springframework.org/schema/beans"
        xmlns:xsi="http://www.w3.org/2001/XMLSchema-instance"
        xsi:schemaLocation="http://www.springframework.org/schema/beans http://www.springframework.org/schema/beans/spring-beans-3.0.xsd" 
>

    <bean id="pointA" class="jeet.tutorial09.Point">
        <property name="x" value="0" />
        <property name="y" value="0" />
    </bean> 
    <bean id="pointB" class="jeet.tutorial09.Point">
        <property name="x" value="0" />
        <property name="y" value="20" />
    </bean> 
    <bean id="pointC" class="jeet.tutorial09.Point">
        <property name="x" value="-20" />
        <property name="y" value="0" />
    </bean> 


    <bean id="triangleXML" class="jeet.tutorial09.Triangle" autowire="byName">

    </bean>


</beans>
