<?xml version="1.0" encoding="UTF-8"?>
<!-- Event Handling concept in Spring -->

<beans xmlns="http://www.springframework.org/schema/beans"
    xmlns:xsi="http://www.w3.org/2001/XMLSchema-instance"
    xmlns:context="http://www.springframework.org/schema/context"
    xsi:schemaLocation="http://www.springframework.org/schema/beans
        https://www.springframework.org/schema/beans/spring-beans.xsd
        http://www.springframework.org/schema/context
        https://www.springframework.org/schema/context/spring-context.xsd">



    <bean id="center" class="jeet.tutorial23.Point">
        <property name="x" value="0" />
        <property name="y" value="0" />
    </bean> 

    <bean id="pt2" class="jeet.tutorial23.Point">
        <property name="x" value="0" />
        <property name="y" value="20" />
    </bean>
 
    <bean id="pt3" class="jeet.tutorial23.Point">
        <property name="x" value="-20" />
        <property name="y" value="0" />
    </bean> 


    
    
    <!--     This tag is not required due to @Controller Annotation on Circle class
    <bean id="circleXML" class="jeet.tutorial22.Circle">
        <property name="center" ref="pt1" />
    </bean>
    -->

    <context:annotation-config/>  <!--Need to chage xmlns of <beans> definition for this line -->
    <context:component-scan base-package="jeet.tutorial23" />

</beans>
