<?xml version="1.0" encoding="UTF-8"?>

<beans xmlns="http://www.springframework.org/schema/beans"
	xmlns:context="http://www.springframework.org/schema/context"
	xmlns:mvc="http://www.springframework.org/schema/mvc"
	xmlns:xsi="http://www.w3.org/2001/XMLSchema-instance"
	xsi:schemaLocation="http://www.springframework.org/schema/beans http://www.springframework.org/schema/beans/spring-beans.xsd
	    http://www.springframework.org/schema/mvc http://www.springframework.org/schema/mvc/spring-mvc.xsd
	    http://www.springframework.org/schema/context http://www.springframework.org/schema/context/spring-context.xsd">

	<mvc:annotation-driven />
	<context:component-scan base-package="com.web.spring" />
	
	
    <!-- spring mvc configure intercptor -->
	<bean class="org.springframework.web.servlet.view.InternalResourceViewResolver">
		<property name="prefix">
			<value>/WEB-INF/views/</value>
		</property>                              
		<property name="suffix">
			<value>.jsp</value>
		</property>
	</bean>
	
	
	
	
	
	<!-- Application Message Bundle -->
	<!-- Configured to enable i18n for the application 
	     basename property is used to provide the location of 
	     resource bundles pattern as messages_{locale}.properties. -->
	     
	<bean id="messageSource"
		class="org.springframework.context.support.ReloadableResourceBundleMessageSource">
		<!-- <property name="basename" value="classpath:messages" /> -->
		<property name="basename" value="WEB-INF/config/messages" />
	</bean>

	<!-- Configured to intercept the user request and identify the user locale -->
	<mvc:interceptors>
		<bean id="localeChangeInterceptor"
			class="org.springframework.web.servlet.i18n.LocaleChangeInterceptor">
			<property name="paramName" value="lang" />
		</bean>
	</mvc:interceptors>

	<!-- Configured to store the locale changes in cookies -->
	<bean id="localeResolver" class="org.springframework.web.servlet.i18n.CookieLocaleResolver" />

</beans>
	