<?xml version="1.0" encoding="utf-8"?>
<!DOCTYPE hibernate-configuration 
			PUBLIC "-//Hibernate/Hibernate Configuration DTD 3.0//EN"
            "http://hibernate.sourceforge.net/hibernate-configuration-3.0.dtd">
            
<hibernate-configuration>
    
	<session-factory name="">
		<!-- db specific information -->
		<property name="hibernate.connection.driver_class">oracle.jdbc.driver.OracleDriver</property>
		<property name="hibernate.connection.url">jdbc:oracle:thin:@127.0.0.1:1521:XE</property>
		<property name="hibernate.connection.username">oracleuser2</property>
		<property name="hibernate.connection.password">password</property>
		
		<!-- Hibernate specific information -->
		<property name="show_sql">true</property>
		<property name="dialect">org.hibernate.dialect.OracleDialect</property>
		<property name="hibernate.hbm2ddl.auto">update</property>
		

        <!-- Annotated class used for HQL -->
		<!--   
		<mapping class="com.hql.Address" />
		<mapping class="com.hql.Employee" />
		-->

		<!-- Annotated class used for SingleTablePerClassHierrachy Inheritance Mapping -->
		<!--
		<mapping class="com.inheritance.singletableperclasshierarchy.Person" />
		<mapping class="com.inheritance.singletableperclasshierarchy.Employee" />
		<mapping class="com.inheritance.singletableperclasshierarchy.Student" />
 		-->
		
		<!-- Annotated class used for Table Per Concrete Class Inheritance Mapping -->
		<!--
		<mapping class="com.inheritance.tableperclass.Person" />
		<mapping class="com.inheritance.tableperclass.Employee" />
		<mapping class="com.inheritance.tableperclass.Student" />
		-->
		
		
		<!-- Annotated class used for TablePerSubclassJoined Inheritance Mapping -->
		  
		<mapping class="com.inheritance.tablepersubclassjoined.Person" />
		<mapping class="com.inheritance.tablepersubclassjoined.Employee" />
		<mapping class="com.inheritance.tablepersubclassjoined.Student" />
		 
		
		
		
		
	</session-factory>
	
</hibernate-configuration>
